asset_code,tenant_name,gla_m2,rent_eur_pa,walt_years
A1,PENNY Markt GmbH,1077.93,10899.92,5
A1,Fleischerei Richter GmbH & Co. KG,200,650,0.08
A10,Edeka Grundstücksgesellschaft Nordbayern-Sachsen-Thüringen mbH,905,7816.31,3.42
A11,Leerstand stpfl.,145.02,0,
A11,Netto Marken-Discount Stiftung & Co. KG,993.93,10678.04,0.02
A11,Slate Mobility GmbH & CO. KG (Climova),0,408.33,23.78
A11,Slate Mobility GmbH & Co. KG (Amperio),0,300,0
A13,PENNY Markt GmbH Region Ost,953,9432.87,1.12
A13,PENNY Markt GmbH Region Ost,953,9432.87,1.12
A13,Leerstand stpfl.,156,0,
A13,Leerstand stpfl.,156,0,
A14,Netto Marken-Discount Stiftung & Co. KG,1087,9966.7,4.95
A14,Netto Marken-Discount Stiftung & Co. KG,1087,9966.7,4.95
A15,Netto Marken-Discount Stiftung & Co. KG,1157,7322.28,2.5
A2,Netto Marken-Discount Stiftung & Co. KG c/o CEV Handelsimmobilien GmbH,1081,9716.89,0.92
A3,Netto Marken-Discount Stiftung & Co. KG,1357,9812.53,0.63
A4,Netto Marken-Discount Stiftung & Co. KG,1058,10104.53,6.67
A5,"Wolf GmbH ""Schinkenpeter""",75,1600,2.42
A5,Leerstand stpfl.,66,0,
A5,PENNY Markt GmbH,885.37,6357.6,5.08
A6,PENNY Markt GmbH,1100.9,10760,7.83
A7,Netto Marken-Discount Stiftung & Co. KG,1056,10970.93,4.92
A8,PENNY Markt GmbH,1020.91,12358.97,9.25
A8,SAGASSER Fachmarkt Nord GmbH & Co. KG,643.13,3507,1.17
A9,Netto Marken-Discount Stiftung & Co. KG,1060,10421.39,0.92
A9,Netto Marken-Discount Stiftung & Co. KG,1060,10421.39,0.92
A9,Leerstand stpfl.,205,0,
AA1,Netto Marken-Discount Stiftung & Co. KG,1507.73,17666.66,10.42
AA10,Netto Marken-Discount Stiftung & Co. KG,1162,12028.69,10.42
AA100,Netto Marken-Discount Stiftung & Co. KG,1086,9374.2,17.29
AA101,Netto Marken-Discount Stiftung & Co. KG,1046,9546.51,10.33
AA102,Netto Marken-Discount Stiftung & Co. KG,1580.35,16505,14.9
AA103,Netto Marken-Discount Stiftung & Co. KG,1045,12300,10.33
AA104,REWE Markt GmbH Zweigniederlassung Südwest,2654,30675.13,10.42
AA105,Netto Marken-Discount Stiftung & Co. KG,1046,8718.82,17.29
AA106,Netto Marken-Discount Stiftung & Co. KG,1086,9792.16,10.29
AA107,Netto Marken-Discount Stiftung & Co. KG,1169,11183.26,10.6
AA107,Leerstand stpfl.,300,0,
AA108,Netto Marken-Discount Stiftung & Co. KG,1045,10910.85,11.32
AA108,Rettungsdienst Landkreis Barnim GmbH,709.19,4861.07,4.5
AA109,Lidl Vertriebs-GmbH & Co. KG,1333,15190.61,3.42
AA11,Netto Marken-Discount Stiftung & Co. KG,1110.06,16495.82,10.42
AA110,Lidl Vertriebs-GmbH & Co. KG,1032,14789.98,2.33
AA111,EDEKA Grundstücksgesellschaft Nordbayern-Sachsen-Thüringen mbH,1617.85,21602.2,3.58
AA112,Lidl Vertriebs-GmbH & Co. KG,1498,15186.15,6
AA113,Lidl Vertriebs-GmbH & Co.KG,1027,10757.28,1.42
AA114,Lidl Vertriebs-GmbH & Co.KG,1410,11447.89,1.75
AA115,Netto Marken-Discount Stiftung & Co. KG,1308,7862.66,8.26
AA116,FISHBULL Franz Fischer SE & Co. KG,1224,4500,6.92
AA117,Lidl Vertriebs- GmbH & Co.KG,1170,9805.86,M2M
AA118,Kaufland Vertrieb 418 GmbH & Co. KG,7271.54,51657.67,3.37
AA118,MEDIMAX Zentrale Electronic SE c/o ADH,1564.69,10945.98,M2M
AA118,mister*lady GmbH,336,4095.17,1.5
AA118,Leerstand stpfl.,769.82,0,
AA118,BRL Center GmbH,175,6564.03,3
AA118,Reiseland GmbH & Co. KG,66.75,2026.9,2.42
AA118,Klier Hair Group GmbH,78.18,2691.34,0.08
AA118,Apache Jeans,150.13,2251.95,4.42
AA118,AWG Allgemeine Warenvertriebs-GmbH,781.67,7278.09,6.42
AA118,Apollo-Optik Holding GmbH & Co. KG,124.95,1704.88,3.25
AA118,Simone Kurt,24,770.77,3.75
AA118,Quoc Dung Tran,24,1201.8,3.92
AA118,Fleischerei Richter GmbH & Co. KG,81.8,4199.36,0.67
AA118,Convenience Concept GmbH,28.95,942.85,2.42
AA118,Floribunda GmbH,58,1748.96,2.67
AA118,SCHWARZ Außenwerbung GmbH,0,433.33,1.42
AA118,Sparkasse Chemnitz c/o SIBV Immobilienbetriebs- und vermarktungsgesellschaft mH,4,460.89,0.67
AA118,Circle K Deutschland GmbH,1139,1770.44,2.92
AA118,TEDi GmbH & Co. KG,978.57,8500,2.63
AA118,René Geitner,72.5,1241,4.25
AA118,Bäckerei Förster GmbH & Co. KG,78.5,3120,4.5
AA118,EnBW mobility+ AG & Co. KG,0,250,25.58
AA118,Aktiv-Apotheke Thomas Bielig e.K.,14.43,75,3
AA119,Lidl-Vertriebs GmbH & Co. KG,1558,18239.88,9.51
AA12,Netto Marken-Discount Stiftung & Co. KG,1468.55,16276.86,10.42
AA120,FRISTO SE,570,4817.4,3.42
AA121,ALDI SE & Co. KG,1337.73,16667.29,6.26
AA122,Netto Marken-Discount Stiftung & Co. KG,1274,15660.45,8.3
AA123,Netto Marken-Discount Stiftung & Co. KG,1492.5,24590.03,8.23
AA124,Netto Marken-Discount Stiftung & Co. KG,1452.62,18407.64,9.32
AA125,Penny-Markt GmbH,988,10543.1,5.33
AA125,Fleischerei Richter GmbH & Co. KG,112.79,2469.97,4.62
AA127,KiK Textilien und Non-Food GmbH,500,4712.4,1.42
AA127,Leerstand stpfl.,1100,0,
AA127,REWE Markt GmbH Zweigniederlassung Mitte,1211.35,14747.05,9.17
AA127,TEDI GmbH & CO. KG c/o Abteilung Mietwesen,902,8000,6.17
AA128,Kaufland Vertrieb KDSE GmbH & Co. KG,9384,79606.89,5.42
AA128,EnBW mobility+ AG & Co. KG,0,125,25.84
AA129,EDEKA Grundstücksgesellschaft Nordbayern- Sachsen-Thüringen mbH,2070.23,20541.19,6.08
AA13,Netto Marken-Discount Stiftung & Co. KG,1469,19132.74,10.42
AA130,Netto Marken-Discount Stiftung & Co. KG,1506,19708.34,14.31
AA131,Netto Marken-Discount Stiftung & Co. KG,1328,18364.56,9.84
AA132,Penny-Markt GmbH Immobilienabteilung,1028.28,7437.52,9.91
AA133,Penny-Markt GmbH,931,13640.85,0.72
AA134,Netto Marken-Discount Stiftung & Co. KG,1260.07,14318.4,9.3
AA135,Penny-Markt GmbH,956.93,10378.37,12.17
AA135,Bäckerei Raddatz GmbH,60,1969.44,0.62
AA135,Fleischerei Richter GmbH & Co. KG,80,1883.2,0.25
AA135,Humana Kleidersammlung GmbH,0,10,0.42
AA136,toom Baumarkt GmbH,6250,36667,7.92
AA136,Kaufland Vertrieb 35 GmbH & Co. KG,12165.11,136310.04,7.17
AA136,Adler Modemärkte AG,3060.27,37047.59,1.83
AA136,Deichmann SE,635.92,10337.32,1.42
AA136,KiK Textilien und Non-Food GmbH,1089.67,7630.71,2.75
AA136,DFH Musterhäuser GmbH,1020,3397.25,1.92
AA136,Stengel GmbH,2047,1468.77,0.25
AA136,"Gebreloel, Asma",1180,1335.07,0.17
AA136,mister*lady GmbH,604,10298.2,4.67
AA136,TopFit Ellwangen Dr. Adolf-Schneider-Straße GmbH,1401.52,8446.93,4.92
AA136,Leerstand stpfl.,1629.26,0,
AA136,Autohandel Fitim & Faruk vertreten durch Mirvete Osmani,920,1840,0.92
AA136,Frip Service uG,0,30,0.5
AA136,DPW Deutsche Plakat-Werbung GmbH & Co. KG,0,758.33,1.42
AA136,Woolworth GmbH,690.03,0,6.33
AA136,Doan Ramizovski,394,1694.2,0.92
AA136,Action Deutschland GmbH,1632.21,12432,8.45
AA136,EnBW mobility+ AG & Co. KG,0,125,10.84
AA137,BRL Center GmbH,178.43,5932.94,8
AA137,Reiseland GmbH & Co. KG,47.51,1634.51,1.17
AA137,Kaufland Vertrieb KDSN GmbH & Co. KG,6973.14,69223.05,6.59
AA137,KiK Textilien und Non-Food GmbH,985.53,9610.66,2.33
AA137,Schlüsseldienst Dröschler,206.14,1338.27,0.58
AA137,MÄC GEIZ Handelsgesellschaft mbH,415.06,6721.04,1.17
AA137,TEDi GmbH & Co. KG,529.49,5850.66,4.47
AA137,Convenience Concept GmbH,101.76,2296.75,3.42
AA137,ACTIVA Heimtierprodukte GmbH & Co. KG,441.09,4503.36,4.08
AA137,Leerstand stpfl.,792.92,0,
AA137,Sternenbäck Thüringen GmbH & Co. KG,72.28,5094.43,4.42
AA137,ME Group Germany GmbH,0,0,0.33
AA137,SCHWARZ-Außenwerbung GmbH,0,650,1.42
AA137,Furat Kacar,0,917.22,0
AA137,Domino´s Pizza Deutschland GmbH,102,1331.13,6.75
AA137,Ngoc Duc Tran,300,3600,7.83
AA137,Deutsche Bank AG c/o CBRE GmbH,41.5,659.88,1
AA137,Zahnärzte Martin Kraft & Sandra Trinks,153.3,1508.24,5.67
AA137,Kerstin Gniwotta,131.45,1167.52,7.67
AA137,Dr.med. Sabine Lippert,131.62,1370.11,0.25
AA137,Dr.med. Anna Wende,174.64,1330.34,1.42
AA137,HELIOS Versorgungszentren GmbH,176.54,1340.63,0.83
AA137,Deutsche Paracelsus Schulen für Naturheilverfahren GmbH,272.06,3411.73,3.79
AA137,Phan Than Thien,82.78,2184.79,6.25
AA137,Schnittpunkt GmbH,0,90,0
AA138,ALDI SE & Co. KG,1070.91,11113.7,2.27
AA139,KONSUM DRESDEN eG,1045.03,12413.86,2.58
AA14,Netto Marken-Discount Stiftung & Co. KG,1368.84,15989.49,10.42
AA140,Netto Marken-Discount Stiftung & Co. KG,1060,12853.74,5.42
AA141,NORMA Lebensmittelhandels Stiftung & Co. KG c/o NORMA LZM GmbH & Co. KG,1049.74,11752.78,8.31
AA142,Netto Marken-Discount Stiftung & Co. KG,1028,10958.07,2.33
AA143,Ernsting's family GmbH & Co. KG,225,1394.83,1.67
AA143,Fahrschule Torsten Böhme,92.16,671.06,0.08
AA143,Thi Triet Anh Nguyen + Phan Linh Nguyen ,171.28,1526.2,M2M
AA143,Aslan Gül,149.25,1525.35,0.83
AA143,Bäckerei Möbius GmbH & Co. KG,178.66,2963.3,0.83
AA143,Ostsächsische Sparkasse Dresden,776.74,14758.06,1.83
AA143,Leerstand stpfl.,660.63,0,
AA143,KiK Textilien und Non-Food GmbH,567.93,3262.47,0.79
AA143,Leopold & Weißenborn GbR (Domino´s Pizza) Peter Leopold& Kim M. Leopold,151,2265,2.92
AA144,Dirk Rossmann GmbH,858.44,12154.58,1.67
AA144,Jochen Weselek,65,650,0.08
AA144,Marcus Scheller,362.21,3945.42,4.5
AA144,Volker Friese,37.63,340,0.33
AA144,Leerstand stpfl.,1326.7,0,
AA144,Apollo-Optik Holding GmbH & Co. KG,183,4305.63,1.67
AA144,Takko Holding GmbH,555,4791.25,5.67
AA144,Unternehmensgruppe Dr. Eckert GmbH,60,1637.08,3.92
AA144,Silke Noack-Schubert,43,307.4,7.08
AA144,Jürgen Thäle Apotheke im Sachsen Forum,183,5627.42,0.92
AA144,MEDIA WELT,160,2690,2.58
AA144,Christina Nowotnick,43,920.95,0.96
AA144,MÄC GEIZ Handelsgesellschaft mbH,335,1900,2.42
AA144,Klier Hair Group GmbH,83,2291.09,0.5
AA144,Frank Haeger,127,1079.5,0.75
AA144,Penny-Markt GmbH,918,9182.79,0.58
AA144,EDEKA Grundstücksgesellschaft Nordbayer-Sachsen-Thüringen mbH,3067.85,36800,13.67
AA144,Jürgen Thäle,32,116.5,0.08
AA144,Jens Grünberger,51.73,571.79,0.25
AA144,Musikschule Fröhlich,58.61,293.08,1
AA144,Leerstand stfr.,299.62,0,
AA144,Christine Antje Moder,57.99,448.25,1.92
AA144,Robert Wehrmann,0,30,0
AA144,Bence Toth,0,30,0.25
AA144,Andrei Manoli,0,30,0.17
AA144,Fahrschule Torsten Böhme,21.76,80,0.08
AA144,Ströer Media Deutschland GmbH & Co. KG,0,174.7,1.25
AA144,EWG Eisenbahner-Wohnungsbau- genossenschaft Dresden eG,0,153.39,0.42
AA144,Dresdner Druck- und Verlagshaus GmbH & C,0,50,1.42
AA144,Mambo Plak GmbH,0,26,0.25
AA144,Landeshauptstadt Dresden Amt für Hochbau u. Immobilienverw.  / Abt. Immobilienverw.,293.5,2397.26,1.83
AA144,Deutsche Bank AG c/o CBRE GmbH,25,530.76,3.67
AA144,TEDi GmbH & Co. KG,651,7486.5,2.66
AA144,Dresdner Pflege- und Betreuungsverein e.,594.49,5713.94,8.36
AA144,Kinderarztpraxis Sachsenforum GbR Fr. Dr. med. Klemm & Fr. Dr. med. Wanske,195.15,1170.9,10.66
AA144,MVZ Management Ostsachsen GmbH,184,1104,1
AA144,Annett Niebuhr,62,372,0.42
AA144,Katrin Butzek-Ozeir,82.91,700.28,3.08
AA144,Katrin Bachmann,136,1074.4,M2M
AA144,Christian Blümel,124.98,1402.28,0.08
AA144,Irina Rublev,166,1328,0.42
AA144,Dr. Sebastian Fotescu,207.37,2457.45,7.5
AA144,Gerd Wehrmann,0,30,0.25
AA144,Wilfried Thurau,0,25.56,0.25
AA144,Volkhardt Becker,0,25.56,0.25
AA144,Frank Reck,0,25.56,0.25
AA144,Dieter Hein,0,30,0.25
AA144,Heidrun Ukrow,0,30,0.25
AA144,Bernhard Broda,0,25.56,0.25
AA144,Stefan Muladshikow,0,25.56,0.25
AA144,Horst Kreller,0,55.56,0.21
AA144,Rainer Müller,0,25.56,0.25
AA144,Steffen Beer,0,25.56,0.25
AA144,Oleg Galaktionov,0,30,0
AA144,Ronny Reck,0,25.56,0.25
AA144,Dieter Kämpfe,0,25.56,0.25
AA144,Jürgen Paul,0,30,0.25
AA144,Ingeborg Reinhardt,0,25.56,0.25
AA144,Hans-Eckhard Krahnke,0,25.56,0.25
AA144,Jörg Wiesehütter,0,25.56,0.25
AA144,Falk Uhlig,0,25.56,0.25
AA144,Roswitha Szikora,0,25.56,0.25
AA144,Peter Weiß,0,25.56,0.25
AA144,Hans-Jürgen Funke,0,25.56,0.25
AA144,Bernd Pietschmann,0,25.56,0.25
AA144,Matthias Hahn,0,30,0
AA144,Ronny Marschner,0,25.56,0.25
AA144,Uwe Weigoldt,0,25.56,0.25
AA144,Michael Hofmann,0,25.56,0.25
AA144,Marion Bauroth,0,25.56,0.25
AA144,Wolfgang Bölke,0,25.56,0.25
AA144,Andreas Müller,0,25.56,0.25
AA144,Matthias Birnbaum,0,25.56,0.25
AA144,Dietmar Knebel,0,25.56,0.25
AA144,Reiner Friedrich,0,25.56,0.25
AA144,Kreller GmbH,0,25.56,0.25
AA144,Stefan Micklisch,0,25.56,0.08
AA144,Karla Wiegmann,0,25.56,0.08
AA144,Jens Uwe Moshage,0,25.56,0.33
AA144,Heinz Christian Pietzsch,0,25.56,0.08
AA144,Gerhard Schütze,0,25.56,0.08
AA144,Ullrich Richter,0,25.56,0.08
AA144,Edward Müller,0,25.56,0.08
AA144,Melanie Eichhorn,0,30,0.17
AA144,Klaus-Dieter Gebauer,0,25.56,0.08
AA145,KONSUM DRESDEN eG,2126.95,31767.58,4.83
AA145,Dirk Rossmann GmbH,611.52,8830.23,0.83
AA146,KiK Textilien und Non-Food GmbH,684.87,5700.66,1.05
AA146,WVG Getränkefachgroßhandel GmbH,803,3400,2.41
AA146,"Lidl Vertriebs-GmbH & Co. KG Claude-Breda-Straße 7, 06406 Bernburg",1321.38,13083.52,1.33
AA146,Backshop Beims GmbH Herrn Sven Probst,65.22,1354.73,1.08
AA146,DLC Wanzleben GmbH Herrn Marco Bartsch,140,490,0.67
AA146,Ernsting's family GmbH & Co. KG,90,768.41,1.42
AA146,Leerstand stpfl.,91,0,
AA146,Abdulaziz Dyab,40,400,4.03
AA147,KONSUM DRESDEN eG,1012.37,11988.79,1.18
AA148,Lidl Vertriebs-GmbH & Co. KG,1437.4,20303.41,1.17
AA15,Netto Marken-Discount Stiftung & Co. KG,1246.42,14572.22,10.42
AA152,Penny-Markt GmbH,1060,13229.51,2.34
AA153,Matratzen Concord GmbH,247,2698.03,2.92
AA154,Netto Marken-Discount Stiftung & Co. KG,1322.12,15791.47,1.42
AA155,Leerstand stpfl.,1925.78,0,
AA155,Apollo-Optik Holding GmbH & Co. KG,116.85,3420.78,1.83
AA155,Convenience Concept GmbH,45.06,1000,0.19
AA155,"Volkan Özyurt Saime Cetinkaya, Özan Cetinkaya",35.61,959.03,1.67
AA155,Klier Hair Group GmbH,63.78,2186.69,0.5
AA155,Filiz Ulus Besim Ulus,44.44,1430.98,3.17
AA155,ZEBRA Spielothek Gastronomie und Automat,167.16,3229.46,1.225
AA155,Salih Ciftci,50.84,1430,6.42
AA155,Tran Anh Nguyet,55.38,765.85,2.17
AA155,HAARMEX.DE - Norhan Mohammad,125,1497.95,3.42
AA155,iFitnessClub Ludwigsfelde GmbH,1106.52,8288.1,3.17
AA155,ME Group Germany GmbH,0,0,0.42
AA155,SCHWARZ-Außenwerbung GmbH,0,595.83,0.5
AA155,Andreas Wendorff,173.23,5244,4.75
AA155,Kaufland Vertrieb 64 GmbH & Co. KG,5939.73,38122.11,2.17
AA155,Leerstand stfr.,417.23,0,
AA155,Bäckerei Konditorei Wahl GmbH Bestensee,72.37,1500,0.5
AA155,Ibrahim Abobaker Hussein Madarati,51.64,1030,2.84
AA155,Sven Anders,75.37,750,4.55
AA155,ERGO Beratung und Vertrieb AG,50.99,1239.04,3.75
AA155,Stadt Ludwigsfelde,2031.03,4543.98,2.14
AA155,transact Elektronische Zahlungssysteme G,0,147.2,M2M
AA156,K+K Klaas & Kock B.V. & Co. KG,1340,11803.97,1.08
AA156,EnBW mobility+ AG & Co. KG,0,62.5,11.17
AA157,KiK Textilien und Non-Food GmbH,499.83,4832.04,0.18
AA157,Penny-Markt GmbH,988.6,9851.81,4.34
AA158,Penny-Markt GmbH,1015,12962.46,5.84
AA158,MÄC GEIZ Handelsgesellschaft mbH,420,5242.8,1.74
AA158,Bäckerei Dreißig GmbH & Co. KG,247,4617.42,M2M
AA158,Dirk Rossmann GmbH,720.76,9823.36,3.76
AA158,Le Quynh Su,35,1119.37,4.83
AA158,ACTIVA Heimtierprodukte GmbH & Co. KG,446.71,4762.86,4.25
AA158,Ströer Media Deutschland GmbH,0,183.33,0.67
AA159,Penny-Markt GmbH,926.03,8281.21,5.33
AA159,Fleischerei Richter GmbH & Co. KG,89.8,2160,1.27
AA159,Bäckerei - Konditorei Selbmann GbR,67.32,1556.43,M2M
AA16,Netto Marken-Discount Stiftung & Co. KG,1278.05,15658.12,10.42
AA160,Lidl Vertriebs-GmbH & Co. KG,1535,17280,10.94
AA161,Penny-Markt GmbH,1005,10711.13,8.68
AA162,Netto Marken-Discount Stiftung & Co. KG,990.34,10995.33,10.42
AA163,EDEKA Grundstücksgesellschaft Nordbayern-Sachsen-Thüringen mbH,1226.75,12256.36,4.59
AA164,Jana Dalla Libera YoFit,274,1657.7,0.67
AA164,Netto Marken-Discount Stiftung & Co. KG,1034,13363.49,5.83
AA164,Bürogemeinschaft Dr. Braun & Barth Freie Architekten Dresden,179,1851.84,1.83
AA164,Bona Vertriebsgesellschaft mbH Deutschland,332.5,4036.73,1.17
AA165,Michael Brücken Kaufpark GmbH & Co OHG,1238,10000,2.92
AA166,EB Fitness GmbH,246.57,1837.32,M2M
AA166,Gesellschaft für Außenwerbung GmbH,0,110.8,1.84
AA166,Nahkauf Häber,1270,0,11.92
AA166,Manfred Zander,203,515.11,3.58
AA167,Kienast Schuhhandels GmbH Co. KG c/o Kienast Verwaltungs GmbH,460,5297.39,1.67
AA167,Wilhelm Ranck KG,75.8,2164.55,1.175
AA167,Landbäckerei Niemeyer KG,76.62,5195.92,1.42
AA167,Takko Holding GmbH,442,5552.91,0.42
AA167,K+K Klaas & Kock B.V. & Co. KG,1400,11450.52,9.68
AA168,Penny-Markt GmbH,931,5833.96,4.25
AA168,Beethoven-Apotheke,230.93,2419.56,2.25
AA168,Gretenkord GmbH & Co. KG,111.32,1568.59,1.33
AA168,Bäckerei Liebig,65.59,1000.65,1.33
AA169,Lidl Vertriebs-GmbH & Co. KG,1154,11514.98,M2M
AA17,Netto Marken-Discount Stiftung & Co. KG,1435.52,18794.41,10.42
AA17,Petra Suchandt,64,500,0.42
AA17,Leerstand stpfl.,926,0,
AA17,Viva Physio,102,545.81,1.42
AA170,Netto Marken-Discount Stiftung & Co. KG,1042,11597.46,3.09
AA171,Penny-Markt GmbH,1016.9,11658.83,2.17
AA171,PFENNIGPFEIFFER Handelsgesellschaft mbH,1025.89,11443.54,0.14
AA171,SAGASSER Fachmarkt Nord GmbH & Co. KG,280.82,1327.84,0.17
AA171,grundtreu,0,200,0.08
AA172,Netto Marken-Discount Stiftung & Co. KG,1117,13098.53,5.42
AA173,Netto Marken-Discount Stiftung & Co. KG,1427,23684.14,6.67
AA175,"Lidl Vertriebs-GmbH & Co. KG Claude-Breda-Straße 7, 06406 Bernburg",1106.51,11550.27,1.33
AA176,Bäckerei Dreißig GmbH & Co. KG,45.34,2720,7.42
AA176,"Lidl Vertriebs-GmbH & Co. KG Ahornstr. 6, 15537 Grünheide-Freienbrink",1051.32,15207.18,4.33
AA177,Netto Marken-Discount Stiftung & Co. KG,1028,14229.7,4.42
AA178,Netto Marken-Discount Stiftung & Co. KG,1324.8,17854.17,13.07
AA179,ALDI GmbH & Co. KG Barleben,989,9257.42,2.61
AA179,FRISTO GETRÄNKEMARKT GmbH,400,3402.61,0.5
AA179,Fressnapf Immobilien- und Vermögens- verwaltungs GmbH,906,7933.39,0.61
AA179,Leerstand stpfl.,507.87,0,
AA18,Netto Marken-Discount Stiftung & Co. KG,1241.3,14792.27,10.42
AA180,Netto Marken-Discount Stiftung & Co. KG,1278,19161.39,14.12
AA181,Rewe Markt GmbH Zweigniederlassung Ost,1063.4,12445.09,1.75
AA182,Netto Marken-Discount Stiftung & Co. KG,926.27,10368.3,2.35
AA182,Fleischerei Stölzner GmbH,87.01,1563.93,0.33
AA182,Leerstand stpfl.,68.31,0,
AA182,POLIS Objekt Gera GmbH & Co. KG c/o POLIS Immobilien AG,0,1468.78,20.42
AA183,Netto Marken-Discount Stiftung & Co. KG c/o CEV Handelsimmobilien GmbH,987,11902.16,2.62
AA183,Getränke Fachmarkt Waldhoff GmbH Höxter-,1050,5666.67,1.67
AA183,Leerstand stpfl.,44,0,
AA184,Lidl Vertriebs-GmbH & Co. KG,1319,13991.04,1.28
AA184,Fressnapf Immobilien- und Vermögens- verwaltungs GmbH,600,5342.49,2.25
AA184,Leerstand stpfl.,56.93,0,
AA185,Netto Marken-Discount Stiftung & Co. KG,1035.77,10431.23,3.57
AA185,Berufliches Bildungswerk e.V. Halle-Saalkreis,88.87,1006.15,4.08
AA186,Leerstand stpfl.,56.37,0,
AA186,Netto Marken-Discount Stiftung & Co. KG,974.41,12077.77,5.83
AA186,Fleischerei Richter GmbH & Co. KG,71.27,1970.19,1.42
AA187,Netto Marken-Discount Stiftung & Co. KG,1072,12838.73,12.25
AA19,Netto Marken-Discount Stiftung & Co. KG,1057.18,13205.41,10.42
AA2,Netto Marken-Discount Stiftung & Co. KG,1213.33,15206.88,10.42
AA2,Röhe/Heemeier GbR,0,99,5.42
AA20,Netto Marken-Discount Stiftung & Co. KG,1298.42,16639.06,10.42
AA21,Netto Marken-Discount Stiftung & Co. KG,1518.99,19176.46,10.42
AA22,Netto Marken-Discount Stiftung & Co. KG,1117.34,17303.29,10.42
AA23,Netto Marken-Discount Stiftung & Co. KG,1483,18168.93,10.42
AA24,Netto Marken-Discount Stiftung & Co. KG,1376,15040.98,10.42
AA25,Netto Marken-Discount Stiftung & Co. KG,1407.21,17189.04,10.42
AA26,Netto Marken-Discount Stiftung & Co. KG,1073,16347.22,10.42
AA27,Netto Marken-Discount Stiftung & Co. KG,1214.36,14984.91,10.42
AA28,Netto Marken-Discount Stiftung & Co. KG,1073,12260.96,10.42
AA29,Netto Marken-Discount Stiftung & Co. KG,1322.93,16638.01,10.42
AA3,Netto Marken-Discount Stiftung & Co. KG,1102.89,17475.75,10.42
AA30,Netto Marken-Discount Stiftung & Co. KG,1338,15443.47,10.42
AA31,Netto Marken-Discount Stiftung & Co. KG,1549.41,15707.31,10.42
AA32,Danh Ngo Tran,84.56,1200,7.83
AA32,Blumen Schwisow GmbH & Co.KG,84.01,2351.09,1.42
AA32,Augenoptik Radloff Elke Radloff,133.02,1518.97,M2M
AA32,freenet Shop GmbH,115.42,2424.99,2.62
AA32,Apotheke Frau Dana Weinberg,161.18,2550.46,4.74
AA32,ACTIVA Heimtierprodukte GmbH & Co. KG,394.79,4917.64,2.85
AA32,Spiel & Spaß NZ GmbH,182.92,1620.93,0.78
AA32,Reinigung Monique Jörn,55.61,764.1,M2M
AA32,Leerstand stpfl.,855.08,0,
AA32,Woolworth GmbH,839.32,7973.54,0
AA32,Leerstand stfr.,120.89,0,
AA32,Dr. Terstegge Klaus /Eisenach Constanze Ergotherapie-Praxis,137.48,856.38,0.67
AA32,KDW Technical Help GmbH Callcenter,1037.31,5219.64,M2M
AA32,Blischke/Kruse GbR Büro für heilpädagog. Praxis,48.61,348.37,0.25
AA32,Imbiss Do Thi Hang und Singh Do Thi Hang und Kashmir Singh,76.38,844.37,1.42
AA32,Fürstenseer-Frisch-Hähnchen-Grill GmbH Cornelia Rose,0,1100,1.83
AA32,Jens Wendland Fischräucherei- und Handel,0,133.33,0.08
AA32,Media GmbH Gesellschaft für Außenwerbung Gräfenhainichen,0,60.85,0.45
AA32,SCHWARZ-Außenwerbung GmbH,0,262.5,M2M
AA32,DFMG Deutsche Funkturm GmbH,0,509.89,8.92
AA32,Kaufland Vertrieb 294 GmbH & Co.KG,4686.44,52099.38,6.75
AA33,Leerstand stpfl.,1050,0,
AA33,Leerstand stfr.,0,0,
AA34,Lidl Vertriebs-GmbH & Co. KG Gesellschaft Speyer,1005,19079.94,10.42
AA35,Lidl Vertriebs-GmbH & Co. KG Gesellschaft Freienbrink,1236,8790.33,0.42
AA36,Lidl Vertriebs-GmbH & Co. KG,1000,14088.17,10.42
AA37,Lidl Vertriebs-GmbH & Co. KG Gesellschaft Kremmen,1268,11908.35,0.42
AA38,Lidl Vertriebs-GmbH & Co. KG Westfranken Gesellschaft Eggolsheim,1155,11367.59,1.42
AA39,Kaufland Vertrieb 294 GmbH & Co. KG,6311.48,73696.25,7.42
AA39,SCHWARZ-Außenwerbung GmbH,0,650,2.42
AA39,Ströer Media Deutschland GmbH Niederlassung Berlin,0,291.67,4.92
AA39,SB Möbel Boss Handels GmbH Berlin Köpenick,9867.41,36700,3.5
AA39,EnBW mobility+ AG & Co. KG,0,125,9.84
AA39,Ronald Geisler Bettengeisler - mobile Bettenreinigung,0,80,0.08
AA4,Netto Marken-Discount Stiftung & Co. KG,1367.72,16087.05,10.42
AA40,SCHWARZ-Außenwerbung GmbH,0,650,3.42
AA40,Kaufland-Center GmbH & Co. KG,10259.36,113113.15,5.42
AA40,REPO-Markt Süd Rest-und Sonderposten GmbH,6040,10000,6.25
AA40,EnBW mobility+ AG & Co. KG,0,125,0
AA41,SCHWARZ-Außenwerbung GmbH,0,650,2.42
AA41,toom Baumarkt GmbH,5479,33035.74,5
AA41,Kaufland Vertrieb 76 GmbH & Co. KG,8229.24,85005.69,5.42
AA41,EnBW mobility+ AG & Co. KG,0,125,9.9
AA42,Kaufland Vertrieb EPSILON GmbH & Co. KG,5376.27,68572.61,3.5
AA42,OBI GmbH,11688.86,58526.38,3.83
AA42,Takko Holding GmbH,736.85,10137.63,4.58
AA42,dm-drogerie markt GmbH + Co. KG,702.9,8932.85,6.58
AA42,JYSK SE,1426.24,8613.69,2.08
AA42,Deichmann SE,495.41,6380.28,3.56
AA42,DPW Deutsche Plakat-Werbung GmbH & Co. KG,0,283.33,1.42
AA42,EnBW mobility+ AG & Co. KG,0,125,10.84
AA43,Kaufland Vertrieb 78 GmbH & Co. KG,7720.89,83987.25,5.42
AA43,S.O.B.I.G. Baumarkt Saaletal GmbH & Co. KG,5747.45,29082.69,2.92
AA43,SCHWARZ-Außenwerbung GmbH,0,541.67,2.42
AA44,Kaufland Vertrieb 40 GmbH & Co. KG,6265.78,68158.69,5.42
AA44,toom Baumarkt GmbH,5430,12664.08,3
AA44,KiK Textilien und Non-Food GmbH,600.37,5070.29,5.33
AA44,SCHWARZ-Außenwerbung GmbH,0,487.5,2.42
AA44,EnBW mobility+ AG & Co. KG,0,125,10.84
AA45,Leerstand stpfl.,7880,0,
AA45,Kaufland Vertrieb KDSN GmbH & Co. KG,6178.62,67861.23,3.5
AA45,AWG Allgemeine Warenvertriebs-GmbH,1009,9500,6.08
AA45,SCHWARZ-Außenwerbung GmbH,0,108.33,2.42
AA45,EnBW mobility+ AG & Co. KG,0,125,25.84
AA46,REWE Markt GmbH Zweigniederladdung Nord,4220,50206.9,3.92
AA46,Fahrschule Weber GmbH,35,928.1,1.42
AA46,FB Friseurbetrieb GmbH & Co. KG,72,1828.11,2.42
AA46,Aldi GmbH & Co. KG,1281.46,14945.23,8.08
AA46,Ernsting's family GmbH & Co. KG,232,3754.8,1.42
AA46,Dirk Rossmann GmbH,899,16724.31,2.25
AA46,Ludmila Kleister,103.5,1668.56,1.42
AA46,Ullrich und Iwona Just oHG TUI Reise Center,74,1949.66,1
AA46,Monika Övüc Zeki Övüc,168,1758.1,5.42
AA46,Zahnwerk GmbH,300,2883.36,1.42
AA46,Löwenbäckerei Schaper e.K.,141,4551.02,0.42
AA46,Fleischerei und Partyservice Neubauer GmbH und Co. KG,71,1768.61,5.75
AA46,Ahmad Alkhalid Ewelina Alkhalid,191,3554.05,2.75
AA46,Melanie Döhrmann,124,2108,7.42
AA46,Mert Erer,37,1250,5.42
AA46,Leerstand stfr.,51,0,
AA46,Sani Erdogan,101,1717,9
AA46,WISAG Gebäudetechnik Nord GmbH & Co. KG,35,1,0.08
AA46,WOBtalk GmbH,73,1606,2
AA46,Nguyen Thi Huong,34,800,1.17
AA46,Park & Control PAC GmbH,0,835,M2M
AA46,Dt. Plakat Werbung GmbH,0,200,1.42
AA46,Ströer Dt. Städte Medien GmbH,0,50.08,1.245
AA46,"Praxisgemeinschaft Kohnke, Bauer, Caesar",160,1549.36,5
AA46,Joachim Klima,130,1411.85,0.83
AA46,Lagune Ambulante Pflege GmbH,291,2779.56,2.42
AA46,Ursula Kersten,0,780,0.08
AA47,Aldi GmbH & Co. KG,1180,17000,8.42
AA47,Casino Merkur Spielothek GmbH,234,2132.71,2.67
AA47,Heidberg Apotheke,238.49,6150,7.42
AA47,Hörgeräte Berger e.K.,45.12,1000,3.42
AA47,Karl-Heinz Schirm Reformhaus Schirm,161.39,2537.36,0.42
AA47,Netto Marken-Discount Stiftung & Co. KG c/o CEV Handelsimmobilien GmbH,1124.11,14121.83,8.72
AA47,Fleischerei und Partyservice Neubauer GmbH und Co. KG,142.24,3362.85,4.59
AA47,Sanitätshaus Enge GmbH,58,1260,5.42
AA47,Leerstand stpfl.,739.09,0,
AA47,"Nguyen, Thanh Quyet",51,789.48,2.92
AA47,Adalet Cin,56,1216.53,4.58
AA48,REWE Markt GmbH Zweigniederlassung Nord,2485.32,24941.01,11.25
AA48,Silvia Hinz,43,290.42,0.25
AA48,Luisa-Particia Vidal-Guedes Dirk Doogs,60,457.28,0.25
AA48,Leerstand stfr.,102,0,
AA48,Leerstand stpfl.,369.35,0,
AA48,Emilija Chochlow,50,441.17,0.25
AA48,Ibrahim Halil Yildiz,99,590.97,2.58
AA48,Kai Dobrig,40,315.99,0.25
AA48,Ayss Yildiz,134,680,1
AA48,Martin Herkner Christian Herkner,60,489.61,0.25
AA48,Mac Hair,140,1105.57,2.58
AA48,Patrick Fritze,47,500,4.92
AA48,"Al Khazrek, Amjad",35.84,305,0.25
AA48,Westfa-Werbung Modersohn GmbH & Co. KG,0,125,0.68
AA48,VGH Versicherungsbüro,128,779.25,0.25
AA48,Elke Eggeling Vorsitzende DRK OV Himmelpforten ,45.37,150,0.25
AA49,DPW Deusche Plakat-Werbung GmbH & Co.KG,0,75,3.92
AA49,Elham Jungherr,65,980.74,1.25
AA49,Stückwerk,136,1591.21,5.42
AA49,Garburg Knoche-Lenz GbR,200.43,2418.22,1.42
AA49,Monika Seuthe,69,991.83,M2M
AA49,ReiseService Schleswig-Holstein GmbH,64,996.24,M2M
AA49,Dirk Rossmann GmbH,750,8164.21,4.8
AA49,Aldi GmbH & Co. KG,1539.17,18343.94,7.95
AA49,EDEKA Handelsgesellschaft Nord mbH,1928,21118.54,4.5
AA49,Leerstand stfr.,215,0,
AA49,Leerstand stpfl.,200,0,
AA49,Itzehoer Versicherung Brandgilde von 1691 Versicherungsverein a.G.,133,1838.68,2.42
AA49,Nord-Ostsee Sparkasse c/o BUD GmbH,395,5551.71,6.75
AA5,Netto Marken-Discount Stiftung & Co. KG,1179,15107.98,10.42
AA50,REWE Markt GmbH Zweigniederlassung West,1345.87,20658.16,6.42
AA51,REWE Markt GmbH Zweigniederlassung SüdWest,1534.23,24082.04,3.42
AA52,PENNY Markt GmbH,1207.38,0,15.07
AA53,Thomas Trenkner,44.65,1073.62,1.67
AA53,Netto Marken-Discount Stiftung & Co. KG c/o CEV Handelsimmobilien GmbH,1027.25,12200.06,7.63
AA53,FB Lifestyle GmbH & Co. KG,114,2506.86,2.42
AA54,REWE Markt GmbH Zweigniederlassung Südwest,1687.21,25575.19,5.42
AA55,REWE Markt GmbH Zweigniederlassung Mitte,892.8,10588.55,4.83
AA55,Penny Markt GmbH,1037.49,15593.02,4.83
AA55,REWE Markt GmbH Zweigniederlassung Südwest,2078,27036.75,8.16
AA55,Leerstand stpfl.,401.12,0,
AA55,Rauch Grundstücksverwaltung c/o Eulenhof 1843,0,83.33,5.42
AA56,REWE Markt GmbH Zweigniederlassung Mitte,2053.09,28882.5,5.08
AA56,Haar 2O,96.74,1852.95,2.08
AA56,Leerstand stpfl.,488,0,
AA56,Rauch Grundstücksverwaltung c/o Eulenhof 1843,0,166.66,5.42
AA58,Netto Marken-Discount Stiftung & Co. KG,1068.98,15412.23,10.42
AA59,Netto Marken-Discount Stiftung & Co. KG,1251.65,18232,11.17
AA6,Netto Marken-Discount Stiftung & Co. KG,1058,11458.01,10.42
AA60,Netto Marken-Discount Stiftung & Co. KG,1143.38,15519.76,8.42
AA61,Netto Marken-Discount Stiftung & Co. KG,1417.85,17040.68,8.42
AA61,Volz GmbH,0,50,0.08
AA61,Peter Holzberg,0,234.04,0.25
AA61,Leerstand stpfl.,0,0,
AA62,Netto Marken-Discount Stiftung & Co. KG,1191.46,14239.41,10.42
AA63,Netto Marken-Discount Stiftung & Co. KG,1396.15,20036.54,10.42
AA64,Netto Marken-Discount Stiftung & Co. KG,1304.82,16663.25,10.42
AA65,Netto Marken-Discount Stiftung & Co. KG,1137.38,16331.91,8.42
AA65,1. BEMA Beteiligungs GmbH,0,0,15.42
AA66,Eberswalder Brot- und Feinbackwaren GmbH,50,1624.16,0.83
AA66,Erwin Kaminski,110,1519.63,M2M
AA66,Quyet Nguyen Van,160,1485.94,6.42
AA66,Netto Marken-Discount Stiftung & Co. KG,1348.11,16963.92,10.42
AA66,Klaus-Dieter Repke,170,2325.13,2
AA66,Leerstand stfr.,149,0,
AA66,Kreissparkasse Märkisch-Oderland,210.37,2835.37,4.33
AA66,1. BEMA Beteiligungs GmbH,0,0,14.42
AA67,Netto Marken-Discount Stiftung & Co. KG,1512,20034.31,10.42
AA67,TEDi GmbH & Co. KG c/o TEDi Verwaltungs- und Beteiligungs-GmbH,836.93,6433.34,0.44
AA68,REWE Markt GmbH,2193.99,24600.89,9.42
AA69,Penny-Markt GmbH,890,11378.17,1.55
AA69,Sven Jürisch,1000,1050.42,3.42
AA7,Netto Marken-Discount Stiftung & Co. KG,1263.5,14691.64,10.42
AA70,Netto Marken-Discount Stiftung & Co. KG,1340,13827.17,3.77
AA70,Hasim Senkaya,164.98,1300,4
AA70,Leerstand stpfl.,476.08,0,
AA70,Gesellschaft für Außenwerbung GmbH,0,100,1.11
AA71,REWE Markt GmbH Zweigniederlassung Südwest,1834.09,25475.64,11.83
AA71,ALDI SE & Co. KG Murr,1416,18226.14,11.42
AA72,REWE Markt GmbH Zweigniederlassung Süd,1895.67,22843.76,2.5
AA72,Allianz Agentur Vertretung Oliver Leißne,120,1100,0.42
AA72,Kerstin Muhl,118,1286.5,6.33
AA72,Leerstand stpfl.,225,0,
AA72,Kerstin Muhl und Knut Heinrich,115,1012.75,0.25
AA73,REWE Markt GmbH Zweigniederlassung Süd,1702.33,18585.78,0
AA74,REWE Markt GmbH Zweigniederlassung Nord,1921.5,19217.5,6.5
AA75,Netto Marken-Discount Stiftung & Co. KG,1142,12105.2,12.02
AA75,Leerstand stpfl.,342,0,
AA75,Leerstand stfr.,97.27,0,
AA75,Thomas Bunge,14.74,263,0.08
AA75,Ronald Gebauer,15.21,271,0.08
AA75,Manuela Gradtke,34.2,509.5,0.08
AA75,Stefan Köhler,14.74,249,0.08
AA75,None,35.57,694,0.08
AA75,Lutz Kühne,14.74,249,0.08
AA75,Cathleen Kraus,15.21,289,0.08
AA75,Brigitte Aggour,15.1,260,0
AA75,Lars Oswald,14.74,265,0.08
AA75,Anja Apel,16.02,305,0
AA75,Dentz,19.68,263,0.08
AA75,Ingo Zurek,19.98,390,0.08
AA75,Ströer Media Deutschland GmbH,0,72.43,M2M
AA76,Netto Marken-Discount Stiftung & Co. KG,1046,9546.51,11.12
AA77,Netto Marken-Discount Stiftung & Co. KG,1088,11724.38,10.93
AA78,Netto Marken-Discount Stiftung & Co. KG,1146,11026.24,17.91
AA79,Netto Marken-Discount Stiftung & Co. KG,1084,11323.68,10.31
AA79,Kienast Schuhhandels GmbH & Co. KG Kienast Verwaltungs GmbH,400,4775.38,3.67
AA79,Ernsting’s family GmbH & Co. KG,180,1995.6,1.57
AA79,NKD Deutschland GmbH,382,3913.72,5.57
AA79,Dirk Rossmann GmbH,731.9,7235.43,1.57
AA79,KiK Textilien und Non-Food GmbH,561,5445,4.67
AA8,Netto Marken-Discount Stiftung & Co. KG,1052.08,15443.55,10.42
AA8,Slate Mobility GmbH & Co. KG,0,275.83,23.9
AA80,Netto Marken-Discount Stiftung & Co. KG,1044,9930.05,10.91
AA81,Netto Marken-Discount Stiftung & Co. KG,1089,10178.45,10.89
AA82,Netto Marken-Discount Stiftung & Co. KG,1086,10150.41,10.87
AA83,Netto Marken-Discount Stiftung & Co. KG,1045,9767.2,10.35
AA84,Netto Marken-Discount Stiftung & Co. KG,1086,10687.78,10.97
AA85,Netto Marken-Discount Stiftung & Co. KG,1044,12685.21,10.91
AA86,ALDI GmbH & Co. KG,1266.78,13246.21,1.5
AA86,Sagasser Vertriebs GmbH,650,5862.58,3.5
AA86,Stadtmühlenbäckerei Bielert GmbH,90,2298.8,1.5
AA86,"Naturfleisch GmbH ""Rennsteig"" Oberweißbach",110,1666.63,1.5
AA86,Sirko Grudzielski,51.26,920.12,0.95
AA87,Netto Marken-Discount Stiftung & Co. KG,1130,11019.76,10.37
AA88,Netto Marken-Discount Stiftung & Co. KG,1156.38,13037.51,15.81
AA89,ALDI SE & Co KG,1334.75,13013.81,6.12
AA89,Getränke Hoffmann Süd GmbH,267.48,2400,1.22
AA9,Netto Marken-Discount Stiftung & Co. KG,1296.11,16476.15,10.42
AA90,Netto Marken-Discount Stiftung & Co. KG,1044,10791.03,10.05
AA91,Netto Marken-Discount Stiftung & Co. KG,1047,9670.76,9.34
AA92,FISHBULL Franz Fischer SE & Co. KG,1057,4280,6.83
AA92,Leerstand stpfl.,201,0,
AA93,Leerstand stpfl.,1059,0,
AA94,Netto Marken-Discount Stiftung & Co. KG,1044,10916.28,10.33
AA95,Netto Marken-Discount Stiftung & Co. KG,1086,10687.78,10.01
AA96,Netto Marken-Discount Stiftung & Co. KG,1156,10308.93,14.95
AA97,EDEKA Südwest Stiftung & Co. KG,1983.79,21421.29,9.34
AA98,Netto Marken-Discount Stiftung & Co. KG,1045,9709.74,10.27
AA99,Netto Marken-Discount Stiftung & Co. KG,1044,9757.85,10.33
AB1,EDEKA Rhein-Ruhr Stiftung & Co. KG,4500,50995,6.5
AB1,Dirk Rossmann GmbH,873.67,9500,7.91
AB1,KiK Textilien und Non-Food GmbH,694,5700,4.21
AB1,Kaltenbach GmbH Außenwerbung,0,165,3.92
AB1,None,284,0,0
AB1,Frau Helen Börger und Herr Cristoph Kaiser,56,493,0.21
AB1,Frau Denise Mandy Simpson und Herr Tobias Oliver Probst,87,784.5,0.21
AB1,Frau Bahr Sert und Herr Eray Sert,88,760,0.25
AB1,Sören Götz,76,650,0.25
AB1,Hatice Ceylan,77,482.79,0.25
AB1,Melanie Timm,80,585,0.21
AB1,Christian Weil,80,545,0.21
AB1,Fröndenberger Naturstrom GbR Carsten und Gunter Krippendorf,0,564.79,16.67
AB1,Iserlohner Fitness & Sportpark GmbH,280,1500,0.42
AB1,Stadt Hemer,3.25,0,0.5
AB10,Werk 2 Sportwagen UG,412,2266,3.92
AB10,Bärbel Grässlin,538.26,2260.92,0.92
AB10,NeuWerbung Dietmar Neu,0,125,0.5
AB10,Lidl Vertriebs-GmbH & Co. KG,1641,33678.92,1.58
AB10,WEWO Tiernahrungsmarkt Frankfurt GmbH,615,7813,12.33
AB10,Heurich GmbH & Co. KG vertreten durch die Heurich Beteiligungs GmbH,947,4939.7,0.5
AB10,NKD Deutschland GmbH,386,5018,1.67
AB2,Netto Marken-Discount Stiftung & Co. KG,936,13578.57,2.73
AB2,KiK Textilien und Non-Food GmbH,643.24,5751.95,2.42
AB3,REWE DORTMUND Vertriebsgesellschaft mbH,1726.27,19874.22,5.16
AB4,REWE DORTMUND Vertriebsgesellschaft mbH sowie Michael Brücken Kaufpark GmbH & Co. OHG,1793.16,20835.81,1.42
AB4,Heike Mutzenbach,120,370.68,0.25
AB5,REWE Markt GmbH,2710,30939.35,8.42
AB6,REWE DORTMUND Vertriebsgesellschaft mbH sowie Michael Brücken Kaufpark GmbH & Co. OHG,2322.7,26926.46,1.42
AB7,Aldi SE & Co. KG,1949.63,22932,0.92
AB7,KiK Textilien und Non-Food GmbH,873.43,8000,5.58
AB7,TEDI GmbH & Co. KG,810.13,7493.7,5.67
AB7,FISHBULL Franz Fischer Qualitätswerkzeuge GmbH,1048,5687.38,5.17
AB7,SUNPOINT AG & Co. KG,196.31,3600.18,0.08
AB7,Imbiss Mozaik,164,3043.2,10.86
AB7,EWE Go GmbH,0,333.34,0
AB8,REWE DORTMUND Vertriebsgesellschaft mbH sowie Michael Brücken Kaufpark GmbH & Co. OHG,1726.12,19521.48,0.49
AB9,REWE Markt GmbH Zweigniederlassung Mitte,5516,64920,13
AB9,Thomas Philipps GmbH & Co. KG,4474,18000,8.25
AB9,Aldi SE & Co. KG,1982.62,19099.14,2.33
AB9,TEDi GmbH & Co. KG,1844,17057,5.67
AB9,FISHBULL Franz Fischer SE & Co. KG,3388,16400,9.08
AB9,KiK Textilien und Non-Food GmbH,2040,5600,5.58
AB9,EWE Go GmbH,0,666.68,0
B10,PENNY Markt GmbH Discount Nord,929,11466.64,1.33
B10,Hensel GmbH Bäckerei und Konditorei,55,1182.57,0.25
B10,Getränkewelt GmbH,500,3683.98,6.92
B10,JET Tankstellen DEUTSCHLAND GmbH,1730,4600,1.92
B13,Bäckerei Ehmer,28,880.05,0
B13,PENNY Markt GmbH,931,7000,0
B13,Eugen Grass,25,586.25,9.08
B13,Slate Mobility GmbH & Co. KG (Amperio),0,300,20.28
B14,REWE Markt GmbH Zweigniederlassung Mitte,1985.26,25629.04,3.42
B14,Kienast Schuhhandels GmbH & Co. KG vertreten durch die Kienast Verwaltungs GmbH,333.44,2334.08,3
B14,Takko Holding GmbH,433.01,4162.57,5.42
B14,LEOX AG,222.23,2111.19,3.08
B15,Netto Marken-Discount Stiftung & Co. KG,1037,9472.33,6.67
B16,Lidl Vertriebs-GmbH & Co. KG,1464.23,14999.98,0
B16,None,97.22,0,0
B17,Dirk Rossmann GmbH,1167,12000,7.7
B17,tegut.. gute Lebensmittel GmbH & Co. KG,1754,23104.12,5.08
B17,Slate Mobility GmbH & Co. KG (Climova),0,208.33,24.35
B18,Fleischerei Schäfer OHG,275.96,3045.55,8.42
B18,Heurich GmbH & Co. KG Getränke Fachgroßhandel,376.12,3000,2.42
B18,Lidl Vertriebs-GmbH & Co. KG,1490,16345.03,10.96
B18,NKD Deutschland GmbH,310,1984.89,4.92
B18,SKC Textilrecycling KG,0,62.5,0.08
B2,PENNY Markt GmbH,1606.27,17700,13.69
B20,REWE Markt GmbH,1791,21771,9.67
B21,Slate Mobility GmbH & Co. KG,0,501.98,0
B21,Netto Marken-Discount Stiftung & Co. KG,1758.14,18050,11.33
B23,Netto Marken-Discount Stiftung & Co. KG,1204,10850.77,5.25
B25,REWE Markt GmbH Zweigniederlassung Süd,2496.74,32632.5,6.42
B4,Netto Marken-Discount Stiftung & Co. KG,1389,13300,13.13
B4,Slate Mobility GmbH & Co. KG,0,444.09,21.09
B7,Aldi GmbH & Co. Beucha KG,1477,14900,10.29
B7,Lars Moldenhauer,110,440,0.25
B7,Marina Mönig,113,480,0.25
B7,None,712.18,0,0
B7,DEBEKA Krankenversicherungsverein a.G.,184,1920.53,3
B7,Daniela Metzner,129,1067.5,5.42
B8,Netto Marken-Discount Stiftung & Co. KG,1406,16755,10.28
B9,Netto Marken-Discount Stiftung & Co. KG,1121,12435.49,6.67
C1,Lidl Vertriebs-GmbH & Co. KG,1515.97,12537.33,4.33
C1,KiK Textilien und Non-Food GmbH,544.33,4858.15,0.08
C1,Slate Mobility GmbH & Co. KG,0,200,20.22
C10,EDEKA-MIHA Immobilien-Service GmbH,1300,13818.71,1.92
C10,EDEKA-MIHA Immobilien-Service GmbH,1300,13818.71,1.92
C11,EDEKA-MIHA Immobilien-Service GmbH,1080,12143,1.42
C12,PENNY Markt GmbH,1045,14025.07,1.42
C14,Lidl Vertriebs-GmbH & Co. KG,1557,15578.11,13.83
C15,Netto Marken-Discount Stiftung & Co. KG,1382,20584.33,10.61
C15,KiK Textilien und Non-Food GmbH,867,6878.2,0.25
C15,Slate Mobility GmbH & Co. KG (Climova),0,216.67,23.72
C15,Slate Mobility GmbH & Co. KG (Amperio),0,300,19.72
C16,Slate Mobility GmbH & Co. KG (Climova),0,375,22.75
C16,Netto Marken-Discount Stiftung & Co. KG,1486,23898.29,10.59
C16,Dirk Rossmann GmbH,598,7671.56,1.84
C16,Orhan Öztürk,68.3,1333.55,14.42
C16,Slate Mobility GmbH & Co. KG (Amperio),0,800,0
C17,Leerstand stpfl.,206,0,
C17,PENNY Markt GmbH,967,13046.23,2.02
C17,Getränkewelt GmbH,610,4954.9,7.42
C18,dm-drogerie markt GmbH & Co. KG,1013,14000,9.93
C18,TEDi GmbH & Co. KG c/o TEDi Verwaltungs-und Beteiligungs-GmbH,798.3,6800,6.53
C18,Takko Holding GmbH,604,6757.31,5.42
C18,Fussl Deutschland GmbH,589,5880,1.5
C18,Löwen Play GmbH,550,8229.57,2.34
C18,Sleep - die Traumfabrik Inh. Daniel Eckert,367,6000,0
C2,Netto Marken-Discount Stiftung & Co. KG c/o CEV Handelsimmobilien GmbH,1117,12923.89,3.99
C3,Leerstand stfr.,224,0,
C3,Roland und Roswitha Ache,113.86,631.4,0
C3,Alessandro Wöhler,112,570.16,0
C3,Carolin Mey,113,680.27,0
C3,Sebastian Schaar,112.61,470,0
C3,PENNY Markt GmbH,1274,9500,0
C4,NORMA Lebensmittelhandels Stiftung & Co. KG,1047,7090.51,2.29
C4,Bäckerei-Konditorei Meiling,31,640,0
C5,PENNY Markt GmbH Zweigniederlassung Berlin,941.47,10388.18,0.78
C5,PENNY Markt GmbH Zweigniederlassung Berlin,941.47,10388.18,0.78
C5,FRISTO SE,604,3408.93,2.42
C5,FRISTO SE,604,3408.93,2.42
C5,FRISTO SE,604,3408.93,2.42
C5,Leerstand stpfl.,40,0,
C6,Netto Marken-Discount Stiftung & Co. KG,1330.62,18278.19,8.63
C7,PENNY Markt GmbH,1167,10500,7.5
C8,PENNY Markt GmbH Zweigniederlassung Berlin,931,7640.21,0
C8,Fleischerei Richter GmbH & Co. KG,110,1835.75,0
C8,Bäckerei Stötzel GmbH,70,1345.8,0
D1,Lidl Vertriebs-GmbH & Co. KG,1143,10275.57,0.92
D10,Netto Marken-Discount Stiftung & Co. KG c/o CEV Handelsimmobilien GmbH,1034,9461.5,2.25
D11,Netto Marken-Discount Stiftung & Co. KG,1048,11183,2.25
D12,Lidl Vertriebs-GmbH & Co. KG,1360,16958.24,3.42
D12,Getränke Service Inh. Heike Poppinga e.K.,650,1617.34,3.5
D12,KIK Textilien und Non-Food GmbH,550,5115.35,5.42
D12,Ernsting´s family GmbH & Co. KG,300,3359.27,2.42
D12,Slate Mobility GmbH & Co. KG (Amperio),0,400,0
D12,Amazon Deutschland Transport GmbH,0,0,2.73
D12,Sparkasse Hildesheim,0,682.17,0.37
D4,REWE Markt GmbH Zweigniederlassung Ost,1825,16696.77,2.25
D4,Leerstand stpfl.,388,0,
D4,Yvonne Veit,70.82,825.59,0.83
D4,Heike Grygier,149,1211.28,5.42
D6,Netto Marken-Discount Stiftung & Co. KG,1362,16228.31,11.24
D7,EDEKA Handelsgesellschaft Rhein-Ruhr Stiftung & Co. KG,1100,11036.47,1.33
D9,PENNY Markt GmbH,979,5384.84,6.17
D9,Leerstand stpfl.,917,0,
D9,Xuan Thanh Pham,70,280,0.67
D9,"Neidhardt, Jessica",67,301.81,2
E1,EDEKA Südwest Stiftung & Co. KG,1744.24,27154.54,13.33
E10,Netto Marken-Discount Stiftung & Co. KG,1466,22295.83,12.27
E11,Netto Marken-Discount Stiftung & Co. KG,1349.87,18009.25,0.5
E13,Netto Marken-Discount Stiftung & Co. KG,1314,7700,9.33
E13,Leerstand stpfl.,190,0,
E13,None,125,0,0
E13,Land Baden-Württemberg c/o Vermögen und Bau Baden-Württemberg Amt Freiburg,219,1969.98,0
E3,PENNY Markt GmbH,986,14196.6,6.42
E3,EFM Discothekenbetriebs GmbH,900,4050,4.42
E4,Leerstand stpfl.,612,0,
E4,Leerstand stpfl.,612,0,
E4,Leerstand stpfl.,612,0,
E4,Leerstand stpfl.,612,0,
E4,Adolf ROTH GmbH & Co. KG,0,2213.72,1.42
E4,NORMA-Lebensmittelhandels Stiftung & Co. KG,779,4000,2.17
E4,NORMA-Lebensmittelhandels Stiftung & Co. KG,779,4000,2.17
E5,Netto Marken-Discount AG & Co. KG,1026,11341.53,3.03
E5,Netto Marken-Discount AG & Co. KG,1026,11341.53,3.03
E6,Netto Marken-Discount Stiftung & Co. KG,1000,9540,7.17
E7,Netto Marken-Discount Stiftung & Co. KG,1688,20538.7,10.61
E8,Leerstand stpfl.,973,0,
E9,Netto Marken-Discount Stiftung & Co. KG,1035,11047.8,4.72
F1,EDEKA Handelsgesellschaft Nord mbH,1442.35,8233.21,3.25
F1,Erdal Tas,270,1200,9.66
F10,MW Handelsges. für Fleisch- und Wurstspezialitäten mbH,49.76,646.88,1.42
F10,NORMA Lebensmittelhandels Stiftung & Co. KG,862,7162.22,4.75
F10,Leerstand stpfl.,26.52,0,
F11,NORMA Lebensmittelhandels Stiftung & Co. KG,996,6754.43,4.75
F11,MW Handelsges. für Fleisch- und Wurstspezialitäten mbH,116,1730.05,0
F12,NORMA Lebensmittelhandels Stiftung & Co. KG,1187,8900,5.67
F12,Leerstand stpfl.,69,0,
F13,Netto Marken-Discount Stiftung & Co. KG,1062,11004.27,5.25
F15,REWE Markt GmbH Zweigniederlassung Nord,1522.5,19271.33,3.92
F16,Netto Marken-Discount Stiftung & Co. KG,970,9119.1,5.42
F19,Slate Mobility GmbH & Co. KG,0,218.75,13.33
F19,Netto Marken-Discount Stiftung & Co. KG,1257.06,15900,13.3
F2,Schäfers Backstube GmbH,48.5,1608.57,2.46
F2,FRISTO SE,570,4481.62,2.42
F2,Gretenkord GmbH,92.5,1865.93,1.8
F2,PENNY Markt GmbH,976,12679.67,2.42
F3,Netto Marken-Discount Stiftung & Co. KG,1294,16541.67,0
F5,Netto Marken-Discount Stiftung & Co. KG,1382.61,16777.2,10.29
F7,Netto Marken-Discount Stiftung & Co. KG,1037,9472.33,0.01
F9,Netto Marken-Discount Stiftung & Co. KG,1352,19060,14.33
G1,EDEKA MIHA Immobilien-Service GmbH,1000,4640.63,1.87
G11,EDEKA MIHA Immobilien-Service GmbH,1012.65,11289,5.17
G12,PENNY Markt GmbH Region Ost,1016.81,11643.35,3.17
G13,Netto Marken-Discount Stiftung & Co. KG,1046,9675.5,0
G14,EDEKA MIHA Immobilien-Service GmbH,929.5,3173.92,2.08
G14,VSQ Verwaltungs- u. Service- GmbH Quedlinburg,22.5,15,0
G15,EDEKA Grundstücksgesellschaft N-S-T mbH,956.2,6769.86,3.25
G16,Netto Marken-Discount Stiftung & Co. KG,996,8952.84,2.74
G17,Netto Marken-Discount Stiftung & Co. KG,1046,10753.86,4.99
G18,Lidl Vertriebs-GmbH & Co. KG,1235,12181.93,0.92
G19,EDEKA Grundstücksgesellschaft N-S-T mbH,1040,10483.69,4.33
G2,Bäckerei Hiekel Inh. Grit Großmann e.K.,106,2191.66,3.08
G2,EDEKA Grundstücksgesellschaft N-S-T mbH,870,7000,3.08
G3,EDEKA Grundstücksgesellschaft N-S-T mbH,1067,10951,2.83
G7,PENNY Markt GmbH Region Ost,1090,4500,1.28
G7,Bayram Aggül,15,159.15,7.42
G7,Backshop Beims GmbH,42,1193.45,0
G7,Leerstand stpfl.,370,0,
G8,Netto Marken-Discount Stiftung & Co. KG,1037,9945.94,2.42
G9,PENNY Markt GmbH Region Ost,980.66,8464.22,0
I10,ATC Germany Munich GmbH,20,310.46,5.42
I10,Netto Marken-Discount Stiftung & Co. KG,883,9212.34,0
I10,FRISTO SE,502,3545.31,3.33
I10,"Singh, Gurpreet",121,662.34,M2M
I10,Leerstand stpfl.,112,0,
I10,Slate Mobility GmbH & Co. KG (Amperio),0,300,0
I10,Slate Mobility GmbH & Co. KG (Climova),0,170.83,0
I3,Laura Mitschker Justin Mario Riedel,66,410.25,0
I3,Netto Marken-Discount Stiftung & Co. KG,1093,12632.38,0
I3,Leerstand stfr.,316,0,
I4,EDEKA Handelsgesellschaft Hessenring mbH,1830,14633.33,5.33
I5,Netto Marken-Discount Stiftung & Co. KG,1114,12367.02,0
I5,TABA - PRESS Handelsgesellschaft mit Tabak- u. Presseartikeln mbH,174,1676.16,0
I6,Netto Marken-Discount Stiftung & Co. KG c/o CEV Handelsimmobilien GmbH,1038,14556,1.58
I7,Netto Marken-Discount Stiftung & Co. KG,987,12400.2,6.7
I7,Pahnkes Backstube GmbH,45,1581.5,3
I8,Lidl Vertriebs-GmbH & Co. KG,1150,12392.6,0
I9,GDS Getänkemärkte Inhaber Jens Dietrich,218,1340.86,0.42
I9,"Chad, Som",100,1100,1
I9,Lidl Vertriebs-GmbH & Co. KG,1510,14378.08,4.25
I9,Leerstand stpfl.,204,0,
J1,tegut... gute Lebensmittel GmbH & Co. KG,630,2800,0
K1,Netto Marken-Discount Stiftung & Co. KG,1090,7350,5.25
K1,Netto Marken-Discount Stiftung & Co. KG,1090,7350,5.25
K11,Netto Marken-Discount Stiftung & Co. KG,1046,9880,0
K11,KIK Textilien und Non-Food GmbH,534.26,4643.79,0
K13,NORMA Lebensmittelhandels Stiftung & Co. KG,968,7875,0
K13,Dirk Rossmann GmbH,480.12,5173.24,0
K13,Stadtbäckerei Schaller GmbH,107.5,1511.17,0
K13,KIK Textilien und Non-Food GmbH,574.6,4944.45,0
K13,TEDi GmbH & Co. KG,359.63,2747.76,0
K14,Netto Marken-Discount Stiftung & Co. KG,1088,11161.12,0
K15,NKD Deutschland GmbH,302,2300,3.98
K15,NKD Deutschland GmbH,302,2300,3.98
K15,Netto Marken-Discount Stiftung & Co. KG,1045,11685.71,0.26
K15,Netto Marken-Discount Stiftung & Co. KG,1045,11685.71,0.26
K15,HUSTER GmbH & Co. Getränkegroßhandels KG Zwickau,448.1,3797.52,7.83
K15,SAGAFLOR Wachstums- und Bet.-gesellschaft mbH & Co. KG,467.3,3556.94,7.64
K15,SAGAFLOR Wachstums- und Bet.-gesellschaft mbH & Co. KG,467.3,3556.94,7.64
K15,Slate Mobility GmbH & Co. KG,0,362.25,0
K15,Metin Burulday,0,900.68,17.67
K16,NORMA Lebensmittelhandels Stiftung & Co. KG,954.61,8615.07,0.5
K16,Kockazi Zeynep,59.76,1463.5,0
K16,Getränke Hoffmann GmbH,457.2,4977.67,0
K16,Manfred Tanski Reifen Tanski,533.02,6275.79,0
K16,Slate Mobility GmbH & Co. KG (Amperio),0,200,0
K17,NKD Deutschland GmbH,375,3110.38,0
K17,Deichmann SE,500,5587.8,5.42
K17,TEDi GmbH & Co. KG,531,4859.05,0.5
K17,KIK Textilien und Non-Food GmbH,632,5586.56,0.5
K17,Christian Röschke,100,754.41,0
K17,BF Fichtelmann GmbH,450,6359.7,5.42
K17,Ernsting´s family GmbH & Co. KG,200,2179.4,3.42
K17,Fressnapf Immobilien- und Vermögensverwaltung GmbH,450,3898.8,0
K17,Ihre Friseur und Kosmetik GmbH,62.25,472.1,0.42
K17,Lidl Vertriebs-GmbH & Co. KG,499,13700,0
K17,Maxi-Media Zeitz GmbH,1300,10560.84,0.5
K17,Birgit Weber,105,1175.05,0
K17,Yvonne Münx-Hillig,62.5,674.1,0
K17,Abdullah Kurt,130,1100,0
K17,JYSK SE,1000,6500,9.33
K17,dm-drogerie markt GmbH & Co. KG,690,7203.08,3.42
K17,Schwarz-Aussenwerbung GmbH,0,41.67,0
K17,Takko Holding GmbH,499.29,4944.93,0.5
K17,HUSTER GmbH & Co. Getränkegroßhandels KG Zwickau,450.7,3375,6.83
K17,Johann Schneider,0,8.33,0
K17,Andreas Otto,0,7.73,0
K18,Getränkewelt GmbH,800,5420.12,0
K2,NORMA Lebensmittelhandels Stiftung & Co. KG,1498.86,11200,0
K2,Baues und Gerlach Solar eGbR,1,63.66,0
K2,AWG Allgemeine Warenvertriebs GmbH,949,8637.33,3.27
K4,FLEX Fund Photovoltaik 1 GmbH & Co. KG,1.85,54,6.41
K4,HUSTER GmbH & Co. Getränkegroßhandels KG Zwickau,365.39,2700,6.83
K4,Lidl Vertriebs-GmbH & Co. KG,1297,10222.34,M2M
K4,Steffen Lehnert,0,126.06,0.42
K4,Bernd Pröhl,0,42.02,0
K4,Heinz Stöck,0,42.02,0
K4,Gerd Albani,0,42.02,0
K4,John Reich,0,42.02,0
K4,Michael Böhr,0,42.02,0
K4,Swen Müller,0,42.02,0
K4,Angela Martin,0,42.02,0
K4,Christian Müller,0,50,0
K4,Steffen Lehnert,0,126.06,0.42
K4,Rainer Löser,0,42.02,0
K4,Daniel Thon,0,42.02,0
K4,Steffen Lehnert,0,126.06,0.42
K4,Helga Meiler,0,42.02,0
K6,Netto Marken-Discount Stiftung & Co. KG,1062,10360.11,5.25
K6,TEDi GmbH & Co. KG,473.59,4310.06,4.27
K6,FLEX Fund Photovoltaik 1 GmbH & Co. KG,0,54,0
K6,Karola Wiederhold,175.6,2591.13,8.42
K6,Engin Arslan,59,877.63,0.42
K6,Slate Mobility GmbH & Co. KG (Amperio),0,200,20.28
K7,Netto Marken-Discount Stiftung & Co. KG,1122,14286.37,4.77
K7,TEDi GmbH & Co. KG,377,3595.49,2.78
K7,Ly Duc Thuy,59,1022.54,0.77
K7,Ben Hadia Taoufik,25,577.7,1.77
K7,Slate Mobility GmbH & Co. KG,0,302.7,19.73
K8,EDEKA-MIHA Immobilien- Service GmbH,960.96,10234.05,0
K8,Tahseen Khaled,70.04,717.82,5.42
K8,Landessparkasse zu Oldenburg,159,2028.5,4.88
K9,FLEX Fund Photovoltaik 1 GmbH & Co. KG,0,41,M2M
K9,Netto Marken-Discount Stiftung & Co. KG,1087,12004.13,0.81
K9,Netto Marken-Discount Stiftung & Co. KG,1087,12004.13,0.81
K9,Volksbank Mittelhessen eG,200.07,2538.03,1.42
L1,HELLWEG Die Profi-Bau- & Gartenmärkte GmbH & Co. KG,5314,47916.67,11.58
L2,HELLWEG Die Profi-Bau- & Gartenmärkte GmbH & Co. KG,8878,75000,11.58
L3,HELLWEG Die Profi-Bau- & Gartenmärkte GmbH & Co. KG,6561,36250,11.58
L4,HELLWEG Die Profi-Bau- & Gartenmärkte GmbH & Co. KG,7053,48496.1,11.58
L5,HELLWEG Die Profi-Bau- & Gartenmärkte GmbH & Co. KG,6647,63568.58,11.58
L6,HELLWEG Die Profi-Bau- & Gartenmärkte GmbH & Co. KG,7638,70863.33,11.58
L7,HELLWEG Die Profi-Bau- & Gartenmärkte GmbH & Co. KG,10797,50000,11.58
M1,Netto Marken-Discount Stiftung & Co. KG c/o CEV Handelsimmobilien GmbH,880,8100,0
M2,NORMA Lebensmittelhandels Stiftung & Co. KG,1113,6195,0
M3,Bäckerei Konditorei Wahl GmbH,58,1584.54,0
M3,Netto Marken-Discount Stiftung & Co. KG,1056,12920.11,0
M3,Getränke Hoffmann GmbH,500,5491.74,2.71
M3,Knuth Sabelus,230,3851.5,0
M3,Fleischerei Schulz Inh. M. Friedrich,72,1848.32,0
M3,Asia Today,18,625.38,1.33
M3,Slate Mobility GmbH & Co. KG (Amperio),0,400,0
M3,Slate Mobility GmbH & Co. KG (Climova),0,375,0
N3,Netto Marken-Discount Stiftung & Co. KG c/o CEV Handelsimmobilien GmbH,931,11288.79,0
N3,None,37,0,0
N4,PENNY Markt GmbH,956.42,8927.55,3.42
N5,Netto Marken-Discount Stiftung & Co. KG,931.49,9390.17,M2M
N5,Fachfleischerei Thomas Heider,60,1283.09,M2M
N5,Leerstand stpfl.,40,0,
O1,KIK Textilien und Non-Food GmbH,704,4240,3.13
O1,1-2-3 Brille GmbH,83.73,1330.57,5.17
O1,1-2-3 Brille GmbH,83.73,1330.57,5.17
O1,1-2-3 Brille GmbH,83.73,1330.57,5.17
O1,BCT Schuhhandel GmbH,429.59,3307.84,0
O1,Nadin Lorenz-Schmidt,110,1590,0
O1,Nadin Lorenz-Schmidt,110,1590,0
O1,Christian Milbrandt,261.57,3065.66,12.42
O1,Christian Milbrandt,261.57,3065.66,12.42
O1,Christian Milbrandt,261.57,3065.66,12.42
O1,Christian Milbrandt,261.57,3065.66,12.42
O1,Müller GmbH & Co. KG,1762,16750,0
O1,Müller GmbH & Co. KG,1762,16750,0
O1,Netto Marken-Discount Stiftung & Co. KG,1110,13594.44,2
O1,Meisterbäckerei Schneckenburger GmbH & Co. KG,178,4300,0
O1,Leerstand stpfl.,80,0,
O1,Leerstand stpfl.,80,0,
O1,Überörtliche BAG Drs. Binder Meyner & Kollegen,227.55,2847.2,8.75
O1,Überörtliche BAG Drs. Binder Meyner & Kollegen,227.55,2847.2,8.75
O1,Überörtliche BAG Drs. Binder Meyner & Kollegen,227.55,2847.2,8.75
O1,Überörtliche BAG Drs. Binder Meyner & Kollegen,227.55,2847.2,8.75
O1,PG Donaueschingen Gesellschaft,391.55,3800,3.67
O1,PG Donaueschingen Gesellschaft,391.55,3800,3.67
O1,PG Donaueschingen Gesellschaft,391.55,3800,3.67
O1,PG Donaueschingen Gesellschaft,391.55,3800,3.67
O1,PG Donaueschingen Gesellschaft,391.55,3800,3.67
O1,PG Donaueschingen Gesellschaft,391.55,3800,3.67
O1,PG Donaueschingen Gesellschaft,391.55,3800,3.67
O1,PG Donaueschingen Gesellschaft,391.55,3800,3.67
O1,GP Drs. Löffel Rahn Liebl,236.58,2944.42,10.17
O1,GP Drs. Löffel Rahn Liebl,236.58,2944.42,10.17
O1,Überörtliche BAG Drs. Fietz/Hertkorn/Steinebrunner,110.9,1109.4,0
O1,Überörtliche BAG Drs. Fietz/Hertkorn/Steinebrunner,110.9,1109.4,0
O1,Überörtliche BAG Drs. Fietz/Hertkorn/Steinebrunner,110.9,1109.4,0
O1,BAG Drs. M. Frerk P. Dorner,252.28,2430.05,4.08
O1,BAG Drs. M. Frerk P. Dorner,252.28,2430.05,4.08
O1,BAG Drs. M. Frerk P. Dorner,252.28,2430.05,4.08
O1,BAG Drs. M. Frerk P. Dorner,252.28,2430.05,4.08
O1,BAG Drs. M. Frerk P. Dorner,252.28,2430.05,4.08
O1,Praxis für Physiotherapie J. Küssner & S. Recel GbR,110.11,1151.1,8.83
O1,Praxis für Physiotherapie J. Küssner & S. Recel GbR,110.11,1151.1,8.83
P1,PENNY Markt GmbH,1390,13000,0.67
P1,Leerstand stpfl.,370,0,
P1,Slate Mobility GmbH & Co. KG (Amperio),2,200,0
P1,Kreissparkasse Verden,90,1041.86,5.71
P1,AWO Arbeiterwohlfahrt Kreisverband Verden e. V.,180,1013.42,0.25
P2,Netto Marken-Discount Stiftung & Co. KG c/o CEV Handelsimmobilien GmbH - Objektmanagement Netto Bln.,1116,10380.99,7.33
P3,Netto Marken-Discount Stiftung & Co. KG,1028,6500,2.42
P3,Slate Mobility GmbH & Co. KG (Climova),0,213.33,23.73
Q1,toom Baumarkt GmbH,9482,43774.5,6.42
Q1,Slate Mobility GmbH & Co. KG,0,200,19.77
Q2,toom Baumarkt GmbH,8320,54131.75,6.42
Q2,toom Baumarkt GmbH,8320,54131.75,6.42
Q5,Netto Marken-Discount Stiftung & Co. KG c/o CEV Handelsimmobilien GmbH,1041,7420,4.42
Q5,Netto Marken-Discount Stiftung & Co. KG c/o CEV Handelsimmobilien GmbH,1041,7420,4.42
Q5,Slate Mobility GmbH & Co. KG (Climova),0,491.13,19.19
Q5,Slate Mobility GmbH & Co. KG (Climova),0,491.13,19.19
Q6,Edeka Grundstücksgesellschaft Nordbayern-Sachsen-Thüringen mbH,1223,8827.55,5.83
Q6,Edeka Grundstücksgesellschaft Nordbayern-Sachsen-Thüringen mbH,1223,8827.55,5.83
Q7,NORMA Lebensmittelhandels Stiftung & Co. KG c/o NORMA LZM GmbH & Co. KG,1414,10494,5.3
Q7,NORMA Lebensmittelhandels Stiftung & Co. KG c/o NORMA LZM GmbH & Co. KG,1414,10494,5.3
Q8,toom Baumarkt GmbH,8525,29251.52,6.67
Q8,Slate Mobility GmbH & Co.KG Amperio,0,200,0
R2,Netto Marken-Discount Stiftung & Co. KG,1645,18537.75,6.3
R2,Netto Marken-Discount Stiftung & Co. KG,1645,18537.75,6.3
R2,Leerstand stpfl.,4316.81,0,
R2,Leerstand stpfl.,4316.81,0,
R2,Leerstand stpfl.,4316.81,0,
R2,Leerstand stpfl.,4316.81,0,
R3,Netto Marken-Discount Stiftung & Co. KG,1000,7573.3,0.36
R3,Netto Marken-Discount Stiftung & Co. KG,1000,7573.3,0.36
R5,EDEKA-MIHA Immobilien-Service GmbH,1044,12944.76,10.29
R5,EDEKA-MIHA Immobilien-Service GmbH,1044,12944.76,10.29
R6,PB Immobilien Verwaltung GmbH,10,50,M2M
R6,Leerstand spfl.,654,0,0
R6,Leerstand spfl.,654,0,0
R6,Leerstand spfl.,654,0,0
R6,Leerstand spfl.,654,0,0
R6,Leerstand spfl.,654,0,0
R6,Leerstand spfl.,654,0,0
S1,EDEKA Grundstücksgesellschaft N-S-T mbH,1559,16185.32,2
S2,Lidl Vertriebs-GmbH & Co. KG,1636,16400.12,4.42
S3,REWE Markt GmbH,1971,17155.58,5.25
S4,EDEKA Rhein-Ruhr Stiftung & Co. KG,2044,16251,10.72
S5,PENNY Markt GmbH Immobilienmanagement,1237,15767.89,10.33
S5,Gebr. Schürmann GmbH & Co KG,595,3281.13,2.17
S6,EDEKA Grundstücksgesellschaft N-S-T mbH,1587,16077.51,2.17
S7,EDEKA Handelsgesellschaft Nord mbH,1690,0,9.19
T1,PENNY Markt GmbH kfm. Immobilienverwaltung,1022.1,12381.82,3.42
T1,TEDi GmbH & Co. KG c/o TEDi Verwaltungs-und Beteiligungs-GmbH,525,5426.99,4.83
T10,Bäckerei Brunner KG,61.61,1272.22,1.17
T10,Metzgerei Hausner & Peugler GmbH & Co.KG,87.76,1249.5,1.17
T10,REWE Markt GmbH Zweigniederlassung Süd,2207.34,17830.98,4.42
T13,Heurich GmbH & Co. KG Getränke Fachgroßhandel,473.16,3583.72,1.31
T13,tegut.. gute Lebensmittel GmbH & Co. KG,1383.59,11627.29,3.33
T14,REWE Markt GmbH Vertragswesen VS,1178.44,17787.57,3.92
T15,Lidl Vertriebs-GmbH & Co. KG,1497,21883.89,5
T20,EDEKA Südwest Stiftung & Co. KG,1353,14819.35,5.5
T21,Aldi SE & Co. KG,1715.25,20240,10.98
T22,PENNY Markt GmbH Region Ost,935.9,8100,1.33
T22,WVG Getränkefachgroßhandel GmbH,414,3415.34,0.33
T22,Feine Fleisch- u. Wurstwaren Rainer Böttge,35,752.5,1.33
T23,Takko Holding GmbH,655.2,7575.06,2.42
T23,Kienast Schuhhandels GmbH & Co. KG,443.03,3100,0.5
T23,Lidl Vertriebs-GmbH & Co. KG,1703,14834.5,4.42
T26,Schäfer´s Brot & Kuchen Spezialitäten GmbH,65,1754.88,1.75
T26,Netto Marken-Discount Stiftung & Co. KG,1017,13100,11.77
T26,Slate Mobility GmbH & Co. KG,0,266.41,23.33
T27,PETZ REWE GmbH,2684.17,30611.69,5.67
T27,dm-drogerie markt GmbH & Co. KG,753,7380.76,5.42
T29,Dirk Rossmann GmbH,1013.07,8500,8.8
T29,Lidl Vertriebs-GmbH & Co. KG,2124.13,21900,11.48
T29,Fleischerei Richter GmbH & Co. KG,164.36,2100,8.94
T29,Bäckerei-Konditorei-Café Marx Dieter Marx,133.43,1600,8.94
T3,Irene Gerhardt,225.08,1125.4,1.33
T3,Patrick Mentrup,706.95,2843.31,5.42
T3,Lidl Vertriebs-GmbH & Co. KG,1440,15901.24,6.33
T32,PENNY Markt GmbH,1018.35,11467.05,3.42
T32,KiK Textilien und Non-Food GmbH,600,5734.79,5.42
T33,EDEKA Handelsgesellschaft Nord mbH,2659.91,19725,15.33
T33,Massagepraxis Markus Beskidt,132.92,1454.61,2.07
T33,Katja Gamst,151.44,1654.59,2.58
T33,Angelner Autohuus Simon Dreesen,156.97,1127.03,0.75
T33,Slate Mobility GmbH & Co. KG,0,521.65,12.21
T33,Dirk Rossmann GmbH,776.37,7355.99,1
T35,EDEKA Handelsgesellschaft Nord mbH,2000,21895,10.26
T36,Netto Marken-Discount Stiftung & Co. KG,1117,11664.25,1.99
T37,Kreissparkasse Fallingbostel,0,250,0.25
T37,PENNY Markt GmbH,1403,12755.91,1.52
T37,Dirk Rossmann GmbH,750.45,8743.96,1.24
T38,Nancy Wetzstein,1372,9200,3.42
T38,Apotheke Ibenhain Dieter Dazert,125.38,1659.56,1.42
T38,Adrian Weiß,206.1,0,10.67
T38,Friseursalon Doreen Pilz,82.15,720,3.42
T38,MED ON THUERINGEN GMBH,128.51,1489.53,7.42
T38,Monika Burkhardt,120,1147.36,2.42
T38,Physiotherapie Claudia Gerlach,126.61,1445.02,4.42
T39,Fleisch- u. Wurstwarenmanufaktur Reinsdorfer GmbH,98.3,1281.64,0
T39,Wolfener Handelsgesellschaft mbH,205,520,12.93
T39,KIK Textilien und Non-Food GmbH,441.29,4036.48,5.42
T39,Lidl Vertriebs-GmbH & Co. KG,1328.32,15068.58,8.55
T39,Slate Mobility GmbH & Co. KG,0,416.67,6.663333333
T39,Leerstand stpfl.,83.84,0,
T39,Beelitzer Spargel Frank Ebert,0,0,0
T4,KIK Textilien und Non-Food GmbH,493.35,3922,4.33
T4,PENNY Markt GmbH,1313.36,13131.3,6.92
T40,PENNY Markt GmbH,1178.04,9793,6.42
T40,tegut.. gute Lebensmittel GmbH & Co. KG,1903.11,20643.77,8.92
T40,Lust auf Haus GmbH,93,753.35,0.94
T5,REWE Markt GmbH Zweigniederlassung Nord,1996,23865.58,5.42
T6,PENNY Markt GmbH Zweigniederlassung Nord,1190.34,15900,18.26
T7,Lidl Vertriebs-GmbH & Co. KG,1276.83,13370.5,4.25
T8,REWE Markt GmbH Zweigniederlassung Süd,2599.1,26416.51,3.5
T8,Stadt Apotheke Benjamin Kleinsteuber,161,1955.67,14.17
T9,Netto Marken-Discount Stiftung & Co. KG,1430.55,19848,9.24
U1,PENNY Markt GmbH,975.19,7500,5.25
U2,Netto Marken-Discount Stiftung & Co. KG,1086,11186.53,0.24
U2,Slate Mobility GmbH & Co. KG (Climova),0,833.33,7.58
U2,SCHWARZ-Außenwerbung GmbH,0,75,5.17
U3,EDEKA Handelsgesellschaft Hessenring mbH,1293,11049.16,1.58
U4,PENNY Markt GmbH,1025.07,7807.72,2.83
U4,Fleischerei Kiebach,129.01,819.55,5.67
U5,tegut... gute Lebensmittel GmbH & Co. KG,742.39,4899,5.42
U5,Salon Schnipp-Schnapp,39.18,641.5,1.83
V1,REWE Markt GmbH Zweigniederlassung Ost,2675.03,31524.14,6.13
V1,REWE Markt GmbH Zweigniederlassung Ost,2675.03,31524.14,6.13
V1,MH Hairdesign,93,421.25,1.08
V1,Dentallabor KREATIV-PROTHETIK,88,677.35,M2M
V1,Dentallabor KREATIV-PROTHETIK,88,677.35,M2M
V1,ASIA IMBISS,32,820,5.75
V1,Leerstand stpfl.,146.37,0,
V1,Praxis für Ergotherapie,132.28,859.82,1.33
V1,Praxis für Ergotherapie,132.28,859.82,1.33
V10,Netto Marken-Discount Stiftung & Co. KG,1161,18134.82,1
V10,Netto Marken-Discount Stiftung & Co. KG,1161,18134.82,1
V10,Shell Deutschland Oil GmbH,10,133.1,5.42
V11,EDEKA-MIHA Immobilien-Service GmbH,2088,24166.67,8.28
V11,Kosmos Apotheke,275,4060.03,1.42
V11,Holiday Land Reform,46,800.16,0
V11,LVM Versicherungsbüro,55,905.5,M2M
V12,SuperVista AG,47,688.36,1.66
V12,Rebecca´s Feilenzauber,37,438.31,0.92
V12,Imbiss Foodbox,80,1600,1.07
V12,Slate Mobility GmbH & Co. KG (Amperio),0,200,19.37
V12,Slate Mobility GmbH & Co. KG (Climova),0,281.25,23.29
V12,Leerstand stpfl.,46,0,
V12,Netto Marken-Discount Stiftung & Co. KG c/o CEV Handelsimmobilien GmbH,934,21875,13.28
V12,Netto Marken-Discount Stiftung & Co. KG c/o CEV Handelsimmobilien GmbH,934,21875,13.28
V12,Sahin Yagmur,229,2380,5.7
V13,Leerstand stpfl.,38,0,
V13,PENNY Markt GmbH,1031,10500,5.42
V13,PENNY Markt GmbH,1031,10500,5.42
V14,Netto Marken-Discount Stiftung & Co. KG c/o CEV Handelsimmobilien GmbH,1103,15759.53,0.53
V14,Netto Marken-Discount Stiftung & Co. KG c/o CEV Handelsimmobilien GmbH,1103,15759.53,0.53
V16,Netto Marken-Discount Stiftung & Co. KG c/o CEV Handelsimmobilien GmbH,936,13987.5,4.42
V16,Netto Marken-Discount Stiftung & Co. KG c/o CEV Handelsimmobilien GmbH,936,13987.5,4.42
V17,REWE Markt GmbH Zweigniederlassung Süd,1843,23115.62,0
V17,Deutsche Post Immobilien GmbH,482,5474.05,0
V17,Deutsche Post Immobilien GmbH,482,5474.05,0
V18,Lidl Vertriebs-GmbH & Co. KG,1017.9,11121.86,1.75
V18,Lidl Vertriebs-GmbH & Co. KG,1017.9,11121.86,1.75
V19,Lidl Vertriebs-GmbH & Co. KG,1338,13193.35,1.17
V19,KIK Textilien und Non-Food GmbH,602,5376.97,0.92
V19,Beiersdorfer Landbrot Inh. Roland Herppich,213,1579.63,1.25
V2,Netto Marken-Discount Stiftung & Co. KG,987,14522.83,3.12
V2,Landmetzgerei Witt Inh. Karl Witt,65,2239.95,1.42
V2,Leerstand stpfl.,45,0,
V20,Netto Marken-Discount Stiftung & Co. KG,1247,14657.39,5.68
V20,Netto Marken-Discount Stiftung & Co. KG,1247,14657.39,5.68
V21,Netto Marken-Discount AG & Co. KG,988.91,27617.68,1.62
V21,Netto Marken-Discount AG & Co. KG,988.91,27617.68,1.62
V21,Slate Mobility GmbH & Co. KG,0,275,0
V22,REWE Markt GmbH Zweigniederlassung OST,1504.55,18225.54,4.42
V22,REWE Markt GmbH Zweigniederlassung OST,1504.55,18225.54,4.42
V22,Cottbusser Hair Team GmbH,100,1599.15,1.08
V22,Kosmetikstudio Zeißler,104.16,712.03,0.67
V22,Burger Blumengroßhandel,38.33,641.88,1.42
V22,VU Gastronomie UG,245,2450,4.42
V23,Netto Marken-Discount Stiftung & Co. KG,929.5,14524.43,4.07
V23,Netto Marken-Discount Stiftung & Co. KG,929.5,14524.43,4.07
V24,Netto Marken-Discount Stiftung & Co. KG,1110,18239.32,M2M
V26,Netto Marken-Discount Stiftung & Co. KG,926,14914.79,3.9
V26,Netto Marken-Discount Stiftung & Co. KG,926,14914.79,3.9
V26,Slate Mobility GmbH & Co. KG,0,282.15,23.33
V27,Leerstand stpfl.,535,0,
V27,PENNY Markt GmbH Zweigniederlassung Berlin,1004.1,11466.67,0.53
V27,WVG Getränkefachgroßhandel GmbH,675,4470.55,1.92
V27,Grill-und Partyservice Marter Inh. Thorsten Marter,30,100,0.42
V27,Leerstand stpfl.,535,0,
V28,Netto Marken-Discount Stiftung & Co. KG,901,17224.13,0
V29,Leerstand stpfl.,4673,0,
V29,J. Bünting Beteiligungs AG,3954,33580.17,3.42
V29,J. Bünting Beteiligungs AG,3954,33580.17,3.42
V29,J. Bünting Beteiligungs AG,3954,33580.17,3.42
V29,J. Bünting Beteiligungs AG,3954,33580.17,3.42
V3,Leerstand stpfl.,58,0,
V3,Netto Marken-Discount Stiftung & Co. KG,987,8621.1,0
V3,Landmetzgerei Witt,111,2094.98,0
V30,Leerstand stpfl.,1037,0,
V30,Plakat Ströer,0,66.67,0.25
V4,REWE Markt GmbH,1900,26086.2,0
V4,REWE Markt GmbH,1900,26086.2,0
V4,REWE Markt GmbH,1900,26086.2,0
V5,Leerstand stpfl.,38,0,
V5,Netto Marken-Discount Stiftung & Co. KG,987,15835.06,3.28
V5,Netto Marken-Discount Stiftung & Co. KG,987,15835.06,3.28
V5,Leerstand stpfl.,38,0,
V6,Leerstand stpfl.,856,0,
V6,Leerstand stpfl.,856,0,
V6,NORMA Lebensmittelhandels Stiftung & Co. KG,1036,10137.45,0.42
V6,NORMA Lebensmittelhandels Stiftung & Co. KG,1036,10137.45,0.42
V6,NORMA Lebensmittelhandels Stiftung & Co. KG,1036,10137.45,0.42
V6,A.T.U Auto-Teile-Unger GmbH & Co. KG,1145,9489.06,4.42
V6,A.T.U Auto-Teile-Unger GmbH & Co. KG,1145,9489.06,4.42
V6,Apotheke Prainer,225,3407.7,5.41
V6,Selcuk Karakas - Schreibwaren,135,1757.34,8.42
V6,Selcuk Karakas - Schreibwaren,135,1757.34,8.42
V6,Meindl Metzgerei GmbH,148,1500,0.75
V6,"Bäckerei Ernst Schmid ""Der Beck"" e.K.",77.02,825,1.42
V6,"Bäckerei Ernst Schmid ""Der Beck"" e.K.",77.02,825,1.42
V6,Johann Schmalzl,0,140,12.17
V6,Leerstand stpfl.,856,0,
V6,Leerstand stpfl.,856,0,
V6,Physiotherapie Seifert & Kuhn,113,1229.25,1.17
V6,Physiotherapie Seifert & Kuhn,113,1229.25,1.17
V6,Pflegedienst Sida Care Pflegegesellschaft mbH,302,1880,4.67
V6,Pflegedienst Sida Care Pflegegesellschaft mbH,302,1880,4.67
V8,PENNY Markt GmbH,992.35,14368.65,7.25
V8,PENNY Markt GmbH,992.35,14368.65,7.25
V8,Bäckerei Bohne GmbH,70,1902.69,2.28
V9,Slate Mobility GmbH & Co. KG (Amperio),0,300,0
V9,Netto Marken-Discount Stiftung & Co. KG,1233,18362.42,0
V9,Takko Holding GmbH,556,6704.95,0
V9,Slate Mobility GmbH & Co. KG (Climova),0,260.42,0
Z1,EDEKA Grundstücksgesellschaft N-S-T mbH,1100,5200,0.75
Z3,Netto Marken-Discount Stiftung & Co. KG,1322,10200.09,5.25
Z3,Fa. Bayer & Raach,0,225,0
